url,name,address,city,state,phone
http://www.rivertoncpa.com/,Results,"îƒˆ202 N Broadway Ave, Riverton, WY 82501",Riverton,WY,î‚°(307) 856-4816
https://bergandjeffres.com/,Results,"îƒˆ904 E Lincoln Ave, Riverton, WY 82501",Riverton,WY,î‚°(307) 463-0205
http://www.davidapope.com/,Results,"îƒˆ320 S Federal Blvd, Riverton, WY 82501",Riverton,WY,î‚°(307) 856-2637
https://nativeaccounting.com/,Results,"îƒˆ222 N Broadway Ave suite a, Riverton, WY 82501",Riverton,WY,î‚°(307) 463-2171
https://www.hrblock.com/tax-office-near-me/wyoming/riverton/47737/?otppartnerid=9308&campaignid=pw_mcm_9308_9762&utm_medium=local,Results,"îƒˆ219 E Main St, Riverton, WY 82501",Riverton,WY,î‚°(307) 856-2256
https://www.libertytax.com/15225,Results,"îƒˆ324 E Washington Ave, Riverton, WY 82501",Riverton,WY,î‚°(307) 857-4310
https://www.307financial.com/,Results,"îƒˆ416 E Main St, Riverton, WY 82501",Riverton,WY,î‚°(307) 856-8200
https://buildemupbookkeeping.com/,Results,,Riverton,WY,î‚°(307) 207-2772
http://www.experttaxcpa.com/,Results,"îƒˆ1878 W 12600 S Ste 230, Riverton, UT 84065",Riverton,UT,î‚°(801) 995-6248
https://paramount.tax/herriman,Results,"îƒˆ12427 Pasture Rd Ste 100, Riverton, UT 84096",Riverton,UT,î‚°(385) 312-9192
https://office.jacksonhewitt.com/tax-preparation-services-locations/en/wy/riverton/1733-n-federal-blvd/51457?utm_source=google&utm_medium=local&utm_campaign=local&utm_content=51457,Results,"îƒˆ1733 N Federal Blvd, Riverton, WY 82501",Riverton,WY,î‚°(888) 325-1040
https://forrestandfawn.myshopify.com/,Results,"îƒˆ309 E Main St, Riverton, WY 82501",Riverton,WY,î‚°(307) 556-3296
http://www.jacksonhewitt.com/,Results,"îƒˆ715 E Roosevelt Ave, Riverton, WY 82501",Riverton,WY,î‚°(307) 215-5443
